{"doctors":[{"id":1,"name":"Dr. Aarav Kapoor","specialty":"General Medicine","location":"Delhi Health Clinic","contact":"+91 98765 43210"},{"id":2,"name":"Dr. Diya Sharma","specialty":"Pediatrics","location":"Mumbai Kids Hospital","contact":"+91 87654 32109"},{"id":3,"name":"Dr. Arjun Singhania","specialty":"Cardiology","location":"Chennai Heart Center","contact":"+91 76543 21098"},{"id":4,"name":"Dr. Kavya Reddy","specialty":"Dermatology","location":"Hyderabad Skin Clinic","contact":"+91 65432 10987"},{"id":5,"name":"Dr. Rohit Verma","specialty":"Orthopedics","location":"Bangalore OrthoCare","contact":"+91 54321 09876"},{"id":6,"name":"Dr. Naina Gupta","specialty":"Ophthalmology","location":"Kolkata Eye Clinic","contact":"+91 87654 32109"},{"id":7,"name":"Dr. Vikram Patel","specialty":"Neurology","location":"Ahmedabad Neuro Center","contact":"+91 76543 21098"},{"id":8,"name":"Dr. Ananya Mishra","specialty":"Gynecology","location":"Pune Women's Health","contact":"+91 65432 10987"},{"id":9,"name":"Dr. Pranav Khurana","specialty":"ENT","location":"Jaipur ENT Clinic","contact":"+91 54321 09876"},{"id":10,"name":"Dr. Riya Thakur","specialty":"Psychiatry","location":"Lucknow Mental Health","contact":"+91 87654 32109"},{"id":11,"name":"Dr. Arnav Desai","specialty":"Dentistry","location":"Bhopal Dental Care","contact":"+91 76543 21098"},{"id":12,"name":"Dr. Nandini Mehta","specialty":"Pulmonology","location":"Indore Lung Clinic","contact":"+91 65432 10987"},{"id":13,"name":"Dr. Yuvraj Singh","specialty":"Sports Medicine","location":"Chandigarh Sports Clinic","contact":"+91 54321 09876"},{"id":14,"name":"Dr. Simran Kapoor","specialty":"Endocrinology","location":"Surat Endocrine Center","contact":"+91 87654 32109"},{"id":15,"name":"Dr. Armaasn Malhotra","specialty":"Urology","location":"Nagpur Urological Care","contact":"+91 76543 21098"},{"id":"16","name":"Dr. Ramesh Sharma","specialty":"Endocrinology","location":"Solapur","contact":"+91 76543 21098"},{"id":"","name":"Dr. Ramesh Sharma","specialty":"Endocrinology","location":"Solapur","contact":"7894563210"},{"id":"","name":"Dr. Ramesh Sharma","specialty":"Endocrinology","location":"Solapur","contact":"7894563210"},{"id":"","name":"Dr. Ramesh Sharma","specialty":"Endocrinology","location":"Solapur","contact":"7894563210"}]}